,date,open,low,high,close,volume
0,2020-01-06,225.15,224.94,228.15,225.9,1737940
1,2020-01-03,228.65,225.98,230.27,226.0,1710400
2,2020-01-02,235.25,230.84,236.8,231.14,1320500
3,2020-04-06,194.62,190.61,198.2,193.86,2090415
4,2020-04-03,193.39,185.25,194.99,186.6,1943700
5,2020-04-02,187.63,186.45,199.24,194.5,1963500
6,2020-04-01,192.0,188.54,197.4,189.28,1566500
7,2020-03-31,202.7,197.47,205.88,199.61,2372844
8,2020-03-30,198.47,197.1,208.59,206.53,1281981
9,2020-03-27,195.31,191.34,199.15,193.17,1173102
10,2020-03-26,192.98,189.98,202.8,201.34,1512830
11,2020-03-25,193.36,189.72,204.62,191.15,2165356
12,2020-03-24,185.56,179.27,200.72,194.42,2161662
13,2020-03-23,186.41,173.91,194.61,176.73,2162916
14,2020-03-20,190.97,182.29,193.85,189.15,2155623
15,2020-03-19,199.5,188.58,204.86,191.04,1818214
16,2020-03-18,190.71,182.83,211.53,201.57,2582200
17,2020-03-17,185.35,181.59,205.76,205.1,2284700
18,2020-03-16,170.15,167.43,191.2,180.35,1809066
19,2020-03-13,197.15,188.67,206.52,206.36,2180400
20,2020-03-12,197.9,178.48,206.17,187.73,2288700
21,2020-03-11,210.0,203.45,213.13,207.8,1525370
22,2020-03-10,210.93,204.62,214.58,214.58,1962500
23,2020-03-09,214.99,204.74,214.99,205.15,2393738
24,2020-03-06,226.23,225.44,231.53,229.71,2175040
25,2020-03-05,230.5,229.16,234.73,234.0,1548200
26,2020-03-04,231.42,229.79,237.44,237.2,1213900
27,2020-03-03,231.09,224.55,237.22,227.36,1607800
28,2020-03-02,221.09,220.63,230.84,230.65,1625428
29,2020-02-28,217.39,213.81,222.78,219.61,2353636
30,2020-02-27,231.88,223.99,233.28,224.09,1410300
31,2020-02-26,235.95,235.11,240.17,235.52,1310211
32,2020-02-25,245.54,234.82,246.39,235.49,1423702
33,2020-02-24,249.76,244.68,251.09,245.53,1330700
34,2020-02-21,255.24,253.7,255.59,254.97,1587000
35,2020-02-20,254.9,252.11,256.01,255.4,922900
36,2020-02-19,256.41,255.01,257.01,255.82,931000
37,2020-02-18,255.91,254.97,256.59,255.74,857924
38,2020-02-14,255.22,254.65,256.05,256.01,650821
39,2020-02-13,253.89,253.26,256.32,254.88,666200
40,2020-02-12,252.8,252.61,254.71,254.1,690002
41,2020-02-11,253.28,252.22,254.31,252.41,965404
42,2020-02-10,251.5,250.32,252.0,251.71,861600
43,2020-02-07,250.4,249.13,251.37,249.92,730800
44,2020-02-06,250.73,248.82,251.62,251.06,1517600
45,2020-02-05,248.72,243.14,250.59,250.28,1590800
46,2020-02-04,244.91,243.28,248.0,247.09,1447307
47,2020-02-03,239.89,238.37,243.67,243.01,1639635
48,2020-01-31,240.34,237.81,240.65,238.71,1596415
49,2020-01-30,236.32,236.14,241.74,241.41,1074123
50,2020-01-29,237.93,235.56,237.93,237.27,709000
51,2020-01-28,234.09,233.74,237.42,236.45,1338500
52,2020-01-27,240.4,233.36,240.87,233.47,1368900
53,2020-01-24,237.54,237.54,244.61,243.95,1763500
54,2020-01-23,235.82,233.64,237.72,237.29,1072415
55,2020-01-22,238.61,236.92,239.14,238.04,927849
56,2020-01-21,236.46,235.34,239.12,237.18,1699951
57,2020-01-17,236.05,235.17,237.35,237.0,1857040
58,2020-01-16,236.87,235.48,237.23,235.77,756632
59,2020-01-15,235.08,233.76,236.73,235.46,779500
60,2020-01-14,236.03,233.89,236.99,234.52,944200
61,2020-01-13,232.36,232.28,237.27,236.86,1376823
62,2020-01-10,234.5,231.25,235.29,232.0,949007
63,2020-01-09,230.07,229.28,233.73,233.5,1320933
64,2020-01-08,227.71,225.86,228.95,228.09,965700
65,2020-01-07,225.41,224.91,228.83,226.86,1518946
66,2020-07-06,250.33,244.86,250.98,248.91,1131600
67,2020-07-02,245.17,244.92,247.76,247.42,1333029
68,2020-07-01,241.9,239.36,244.85,243.75,1049100
69,2020-06-30,236.16,236.0,243.05,241.46,1544500
70,2020-06-29,238.61,235.8,239.93,238.61,993313
71,2020-06-26,236.56,234.43,238.03,236.02,1243704
72,2020-06-25,232.94,230.73,237.65,237.3,860431
73,2020-06-24,236.98,230.0,238.99,233.14,1164470
74,2020-06-23,239.39,236.51,240.32,239.09,975937
75,2020-06-22,235.1,233.6,237.63,236.47,667202
76,2020-06-19,241.95,235.39,241.95,235.51,1386600
77,2020-06-18,237.57,236.24,239.56,238.11,678400
78,2020-06-17,240.13,236.75,240.54,237.45,513905
79,2020-06-16,241.22,236.61,242.71,238.04,964687
80,2020-06-15,230.0,229.17,238.4,237.01,709300
81,2020-06-12,238.88,230.63,240.01,235.04,854307
82,2020-06-11,243.38,232.63,244.47,233.08,1370100
83,2020-06-10,251.95,247.49,252.54,247.86,625913
84,2020-06-09,247.38,245.83,251.3,250.87,1014417
85,2020-06-08,246.93,245.99,249.82,249.58,889400
86,2020-06-05,249.83,247.43,250.34,248.58,1243100
87,2020-06-04,247.35,243.11,248.82,243.97,1210306
88,2020-06-03,246.95,245.38,250.61,248.46,849100
89,2020-06-02,242.54,241.81,245.43,245.3,933700
90,2020-06-01,242.11,239.43,244.61,242.6,711707
91,2020-05-29,241.3,239.55,242.97,241.65,1241848
92,2020-05-28,239.09,236.67,242.86,240.68,931668
93,2020-05-27,240.25,232.41,240.65,235.16,1025700
94,2020-05-26,238.94,237.24,240.52,237.8,1043149
95,2020-05-22,234.46,233.17,235.89,234.35,775157
96,2020-05-21,238.98,235.19,240.25,235.54,736200
97,2020-05-20,239.66,238.53,242.27,239.8,781700
98,2020-05-19,237.69,235.79,239.22,236.03,720400
99,2020-05-18,235.93,235.85,241.32,238.95,1159300
100,2020-05-15,224.72,222.52,228.12,228.04,1441300
101,2020-05-14,221.71,219.52,225.77,225.62,958913
102,2020-05-13,229.85,223.29,232.85,225.84,1128430
103,2020-05-12,232.64,230.07,234.15,230.26,1062800
104,2020-05-11,229.0,227.89,233.53,232.67,852300
105,2020-05-08,231.08,229.19,233.56,233.48,808700
106,2020-05-07,226.15,223.16,228.43,226.8,761704
107,2020-05-06,223.73,222.93,226.5,223.38,1314400
108,2020-05-05,225.0,223.53,227.81,224.3,1106400
109,2020-05-04,221.55,219.52,224.51,223.35,1345191
110,2020-05-01,220.39,218.87,222.9,222.25,827200
111,2020-04-30,225.91,224.15,228.5,225.58,1284000
112,2020-04-29,225.98,225.04,231.88,230.67,1323800
113,2020-04-28,225.42,221.12,227.2,223.62,1093400
114,2020-04-27,216.45,215.51,222.45,222.26,1194300
115,2020-04-24,213.3,212.23,217.33,216.78,811948
116,2020-04-23,218.22,209.67,219.79,211.27,1113900
117,2020-04-22,213.65,210.78,215.39,214.44,1318109
118,2020-04-21,209.96,205.41,210.12,207.39,1498509
119,2020-04-20,219.49,213.22,221.18,214.37,800500
120,2020-04-17,217.46,214.61,223.84,221.5,1755605
121,2020-04-16,214.44,211.55,215.27,212.88,974425
122,2020-04-15,219.27,212.03,219.27,213.82,1042400
123,2020-04-14,221.64,218.49,224.28,220.79,965400
124,2020-04-13,218.2,213.51,219.99,216.19,1096706
125,2020-04-09,215.13,215.13,222.6,219.32,1744018
126,2020-04-08,203.47,201.07,217.58,215.76,1804000
127,2020-04-07,198.61,198.25,205.74,202.03,1387965
128,2020-10-05,298.29,296.19,304.67,300.32,1091900
129,2020-10-02,291.32,290.2,298.47,296.04,1030007
130,2020-10-01,299.06,293.57,301.74,294.67,1316700
131,2020-09-30,293.67,293.06,299.32,297.86,1152700
132,2020-09-29,294.63,291.81,296.78,293.86,603147
133,2020-09-28,294.12,292.13,295.81,292.67,742205
134,2020-09-25,286.25,285.0,291.69,290.71,566700
135,2020-09-24,285.51,284.23,291.86,289.99,795408
136,2020-09-23,292.82,284.59,293.54,285.43,885100
137,2020-09-22,292.66,289.44,293.74,293.45,671700
138,2020-09-21,291.37,284.64,291.6,290.78,762600
139,2020-09-18,299.8,294.84,303.3,295.81,1150800
140,2020-09-17,298.7,297.17,302.84,301.98,739700
141,2020-09-16,304.26,302.29,306.76,302.46,810008
142,2020-09-15,305.88,303.96,307.93,304.04,700700
143,2020-09-14,303.58,301.27,306.8,303.97,611026
144,2020-09-11,297.81,297.1,302.13,300.32,625800
145,2020-09-10,302.7,294.1,306.04,295.23,1181383
146,2020-09-09,298.18,297.95,306.83,303.27,1025400
147,2020-09-08,294.89,292.0,298.31,294.52,1109400
148,2020-09-04,298.91,291.06,300.71,298.43,1375400
149,2020-09-03,307.98,292.91,308.94,297.18,1320653
150,2020-09-02,302.49,301.82,310.74,310.31,1296600
151,2020-09-01,291.0,290.69,303.17,302.73,1071745
152,2020-08-31,295.35,292.09,299.46,292.26,601900
153,2020-08-28,293.38,293.16,297.11,296.76,502700
154,2020-08-27,294.9,292.05,295.16,292.75,426506
155,2020-08-26,288.43,287.88,295.53,293.96,578054
156,2020-08-25,289.18,287.85,291.14,289.42,485400
157,2020-08-24,289.59,287.19,289.75,287.65,466100
158,2020-08-21,285.44,282.85,286.99,286.44,583520
159,2020-08-20,284.08,283.49,286.39,286.07,430400
160,2020-08-19,289.21,286.42,289.21,286.95,482832
161,2020-08-18,290.56,285.94,291.48,286.35,763944
162,2020-08-17,291.78,289.09,293.31,289.56,846100
163,2020-08-14,288.42,287.68,292.05,289.82,1017200
164,2020-08-13,284.28,284.17,288.49,288.31,758243
165,2020-08-12,284.0,282.61,287.36,285.4,755400
166,2020-08-11,282.11,280.85,284.69,281.6,967000
167,2020-08-10,280.78,278.9,281.79,281.24,980600
168,2020-08-07,283.33,279.2,283.33,281.69,861700
169,2020-08-06,283.66,281.06,284.97,282.99,1293700
170,2020-08-05,281.15,281.08,288.04,284.62,1668673
171,2020-08-04,276.33,274.56,280.96,279.58,2065300
172,2020-08-03,288.08,278.33,288.63,278.41,1731001
173,2020-07-31,285.62,281.06,286.74,286.63,1546200
174,2020-07-30,286.02,283.18,287.41,284.81,1042216
175,2020-07-29,289.21,288.43,292.73,288.85,1131229
176,2020-07-28,294.49,289.14,294.72,289.27,775400
177,2020-07-27,293.65,292.26,297.09,294.71,1077300
178,2020-07-24,291.97,289.35,293.35,291.52,1064046
179,2020-07-23,289.44,289.44,299.82,293.25,1318700
180,2020-07-22,290.43,289.66,296.28,295.51,820600
181,2020-07-21,291.0,289.91,292.67,290.39,1057804
182,2020-07-20,293.46,288.0,295.9,290.87,1037603
183,2020-07-17,289.0,287.62,295.37,294.0,1961517
184,2020-07-16,283.18,282.76,288.0,287.19,2252300
185,2020-07-15,282.75,281.1,285.3,281.97,1327113
186,2020-07-14,274.0,273.03,281.55,280.99,1990302
187,2020-07-13,276.07,273.54,280.7,274.35,1180900
188,2020-07-10,272.41,269.84,273.84,273.19,951600
189,2020-07-09,271.02,265.94,272.01,271.6,1504304
190,2020-07-08,266.4,265.98,276.86,269.79,2793022
191,2020-07-07,251.85,251.67,265.27,265.13,2682801
192,2021-01-04,275.39,267.17,276.47,268.2,1286200
193,2020-12-31,269.42,268.3,273.58,273.22,795646
194,2020-12-30,269.98,269.41,273.0,271.1,611330
195,2020-12-29,271.17,267.38,274.37,268.73,777200
196,2020-12-28,271.52,268.4,272.6,268.6,630600
197,2020-12-24,266.08,265.13,268.36,268.35,227647
198,2020-12-23,266.04,265.0,268.98,266.25,840613
199,2020-12-22,264.01,261.61,264.68,264.01,1278608
200,2020-12-21,265.37,260.61,266.57,264.49,1387116
201,2020-12-18,267.62,265.32,270.46,269.55,2605132
202,2020-12-17,269.99,268.5,271.43,268.6,940097
203,2020-12-16,270.05,267.4,271.07,268.9,1154900
204,2020-12-15,270.1,268.06,272.07,270.01,1667132
205,2020-12-14,269.08,265.32,270.33,265.4,894233
206,2020-12-11,266.59,265.7,268.63,267.36,751837
207,2020-12-10,269.21,266.69,270.22,268.82,1065053
208,2020-12-09,269.38,267.86,271.61,270.57,1038100
209,2020-12-08,269.0,267.1,270.04,268.23,1358717
210,2020-12-07,274.48,268.16,276.43,269.18,1114200
211,2020-12-04,267.01,264.63,273.85,273.76,1587125
212,2020-12-03,274.38,266.07,275.2,267.25,2035608
213,2020-12-02,281.69,273.87,282.5,273.88,1373200
214,2020-12-01,285.0,279.27,286.0,283.18,1259700
215,2020-11-30,278.0,275.79,280.15,280.14,1312900
216,2020-11-27,279.01,276.56,279.97,277.83,674705
217,2020-11-25,283.66,277.26,286.22,278.12,1177933
218,2020-11-24,278.0,276.26,286.38,284.02,1921633
219,2020-11-23,272.77,270.9,276.67,275.26,1268243
220,2020-11-20,269.94,265.38,271.15,270.48,1102925
221,2020-11-19,266.75,263.79,272.63,270.36,1340500
222,2020-11-18,266.82,266.02,272.1,267.7,2028877
223,2020-11-17,264.59,262.24,266.67,266.29,2218910
224,2020-11-16,267.58,262.8,269.72,266.44,2201800
225,2020-11-13,268.03,262.26,269.56,263.87,2553754
226,2020-11-12,277.89,263.61,279.97,265.31,4849826
227,2020-11-11,297.0,277.16,300.16,280.84,4733200
228,2020-11-10,315.08,309.52,315.57,309.97,1279783
229,2020-11-09,318.91,312.51,327.89,312.67,1261700
230,2020-11-06,303.43,302.14,307.78,306.72,745427
231,2020-11-05,295.26,295.07,306.51,303.34,856416
232,2020-11-04,289.97,284.64,291.89,289.29,924200
233,2020-11-03,289.97,286.97,292.71,289.04,842319
234,2020-11-02,280.72,279.1,287.6,286.69,690200
235,2020-10-30,274.92,271.68,278.05,276.24,827453
236,2020-10-29,272.81,271.27,279.65,276.77,715629
237,2020-10-28,277.0,272.75,279.65,272.98,903900
238,2020-10-27,287.13,283.37,288.34,283.5,538641
239,2020-10-26,289.94,283.04,291.26,286.4,636219
240,2020-10-23,294.98,292.23,295.6,294.0,477528
241,2020-10-22,292.54,289.01,294.13,292.25,547411
242,2020-10-21,294.04,293.11,298.03,293.26,429800
243,2020-10-20,295.51,294.1,297.39,294.49,535503
244,2020-10-19,299.96,293.22,300.6,294.16,922900
245,2020-10-16,297.69,296.13,300.37,298.14,1398700
246,2020-10-15,296.85,294.35,297.67,295.96,1054300
247,2020-10-14,299.99,297.71,301.57,297.91,975462
248,2020-10-13,302.43,300.4,306.82,301.1,798900
249,2020-10-12,303.88,301.88,304.86,302.88,706002
250,2020-10-09,302.29,299.23,303.46,300.6,962658
251,2020-10-08,303.02,299.09,304.68,299.66,745500
252,2020-10-07,300.7,299.69,304.73,302.11,645800
253,2020-10-06,301.53,295.92,304.24,296.2,1418600
254,2021-04-05,286.65,285.49,289.97,289.51,780100
255,2021-04-01,282.2,279.18,285.22,284.9,927725
256,2021-03-31,280.02,280.02,284.24,281.34,831624
257,2021-03-30,283.61,281.66,286.25,282.61,896342
258,2021-03-29,286.37,283.7,290.32,283.97,1118315
259,2021-03-26,279.8,279.23,287.47,287.22,1269827
260,2021-03-25,277.85,274.65,278.85,277.27,1340900
261,2021-03-24,274.35,274.08,281.14,278.01,778702
262,2021-03-23,278.41,273.79,279.06,274.69,1147700
263,2021-03-22,275.14,273.45,281.27,278.82,1819006
264,2021-03-19,269.54,267.1,277.07,275.4,2431800
265,2021-03-18,269.67,267.06,271.83,269.03,742748
266,2021-03-17,274.72,270.47,275.83,270.67,735832
267,2021-03-16,272.39,270.7,275.37,274.51,650200
268,2021-03-15,272.74,270.23,273.32,272.96,721518
269,2021-03-12,272.79,272.16,275.43,273.26,741559
270,2021-03-11,274.41,272.26,276.69,272.69,839145
271,2021-03-10,269.27,267.63,275.0,271.62,806629
272,2021-03-09,269.4,267.37,271.27,267.51,744430
273,2021-03-08,265.75,263.54,270.68,266.88,1021803
274,2021-03-05,258.12,255.41,264.63,263.82,861972
275,2021-03-04,261.57,253.25,262.86,256.43,1126500
276,2021-03-03,262.88,261.52,265.67,262.34,1193755
277,2021-03-02,261.7,261.39,266.97,266.0,1158346
278,2021-03-01,258.4,258.4,263.27,261.19,827700
279,2021-02-26,259.37,255.57,261.11,255.62,1285700
280,2021-02-25,262.98,259.72,264.78,260.38,843339
281,2021-02-24,262.78,262.11,265.82,263.26,971300
282,2021-02-23,265.65,259.59,267.49,263.33,1335653
283,2021-02-22,262.74,261.05,265.65,265.48,1001770
284,2021-02-19,262.57,262.57,265.48,263.88,1215555
285,2021-02-18,260.0,258.47,263.89,262.65,913500
286,2021-02-17,259.88,256.78,261.74,260.01,873809
287,2021-02-16,262.23,259.71,263.53,260.73,1095700
288,2021-02-12,256.75,256.75,263.33,260.55,1157585
289,2021-02-11,255.0,254.18,258.99,257.69,1183852
290,2021-02-10,255.07,251.11,256.0,253.58,1463011
291,2021-02-09,253.78,249.79,256.21,254.44,1347142
292,2021-02-08,259.95,251.88,260.99,253.64,2056000
293,2021-02-05,256.01,249.88,257.67,253.15,3167426
294,2021-02-04,261.86,245.75,266.0,256.7,6284230
295,2021-02-03,274.86,274.12,279.92,276.6,1065816
296,2021-02-02,271.0,270.02,276.24,273.95,1061400
297,2021-02-01,268.71,265.39,271.29,268.95,1360430
298,2021-01-29,273.79,266.14,275.69,266.76,1458611
299,2021-01-28,273.67,270.0,279.0,275.86,982884
300,2021-01-27,274.95,266.67,274.96,269.98,1124514
301,2021-01-26,279.96,277.95,281.81,277.99,962555
302,2021-01-25,283.27,276.42,283.65,279.02,1129816
303,2021-01-22,281.38,281.0,287.36,283.6,791239
304,2021-01-21,286.5,281.76,287.41,282.61,918737
305,2021-01-20,287.33,286.22,288.78,286.56,692506
306,2021-01-19,289.93,283.7,289.99,285.66,1368200
307,2021-01-15,284.78,281.68,288.38,286.91,1908635
308,2021-01-14,290.87,285.97,291.89,286.25,1108133
309,2021-01-13,283.84,283.84,292.38,290.67,1608811
310,2021-01-12,283.13,280.25,283.92,283.06,1097429
311,2021-01-11,284.57,281.9,286.3,283.13,751300
312,2021-01-08,286.35,281.35,287.83,285.74,1229730
313,2021-01-07,289.56,283.84,290.5,285.29,1148179
314,2021-01-06,283.0,282.72,293.25,289.97,1883700
315,2021-01-05,268.25,268.25,283.48,282.39,1882548
316,2021-07-02,288.73,287.67,291.64,290.77,541538
317,2021-07-01,289.41,287.41,290.34,288.8,619417
318,2021-06-30,287.12,286.29,288.51,287.68,673538
319,2021-06-29,290.45,286.89,291.22,288.29,984651
320,2021-06-28,289.6,287.12,290.55,289.05,921100
321,2021-06-25,289.83,288.42,291.52,288.54,1413656
322,2021-06-24,292.82,289.31,293.98,289.93,999807
323,2021-06-23,297.14,290.64,298.19,290.83,936100
324,2021-06-22,297.58,296.96,299.36,298.01,566427
325,2021-06-21,295.4,294.31,298.13,296.56,640741
326,2021-06-18,295.64,292.0,297.81,292.7,1702000
327,2021-06-17,299.32,295.03,299.8,299.09,786500
328,2021-06-16,302.47,299.3,304.75,300.04,958800
329,2021-06-15,301.89,298.44,302.23,301.08,1068600
330,2021-06-14,300.45,297.4,300.45,299.12,567722
331,2021-06-11,299.67,299.26,302.17,300.45,710400
332,2021-06-10,300.52,298.33,301.11,298.6,563188
333,2021-06-09,300.49,297.21,301.75,297.35,778616
334,2021-06-08,301.22,297.82,301.79,299.62,807800
335,2021-06-07,304.93,299.39,305.36,301.81,670445
336,2021-06-04,304.65,303.77,305.83,304.76,820022
337,2021-06-03,303.48,300.69,304.26,304.11,858700
338,2021-06-02,303.96,301.82,306.06,305.66,1003400
339,2021-06-01,303.65,300.5,303.96,302.54,736363
340,2021-05-28,300.53,298.64,302.23,299.66,549348
341,2021-05-27,298.79,297.55,300.19,298.28,1155306
342,2021-05-26,301.15,295.01,301.57,297.4,748012
343,2021-05-25,300.79,298.35,302.58,301.05,908900
344,2021-05-24,300.46,297.82,300.46,299.57,679100
345,2021-05-21,298.15,297.9,301.19,298.19,672900
346,2021-05-20,297.94,296.9,300.09,297.06,542347
347,2021-05-19,297.67,295.33,299.36,298.27,800299
348,2021-05-18,300.89,299.13,302.73,299.63,817631
349,2021-05-17,301.0,299.59,303.32,301.65,592838
350,2021-05-14,301.5,300.47,303.28,301.05,698522
351,2021-05-13,293.14,293.1,300.35,299.78,850739
352,2021-05-12,298.43,292.55,299.59,293.16,935541
353,2021-05-11,292.6,291.04,300.99,300.74,1217121
354,2021-05-10,297.49,293.22,302.85,293.53,1245637
355,2021-05-07,292.54,290.35,295.32,290.55,1214920
356,2021-05-06,293.41,291.12,295.84,293.65,1178740
357,2021-05-05,291.14,289.28,293.66,292.59,1131400
358,2021-05-04,288.55,288.51,291.62,290.27,1178628
359,2021-05-03,289.67,288.53,291.83,290.19,952300
360,2021-04-30,291.83,287.84,292.37,288.48,906400
361,2021-04-29,290.81,290.18,292.58,292.3,553614
362,2021-04-28,290.09,288.87,291.65,289.59,543017
363,2021-04-27,289.73,287.0,290.69,289.79,519300
364,2021-04-26,290.22,288.5,292.87,290.18,829133
365,2021-04-23,285.52,284.71,291.11,290.3,885653
366,2021-04-22,287.44,284.71,288.51,284.74,849200
367,2021-04-21,285.77,284.61,289.71,288.63,626260
368,2021-04-20,283.87,283.69,286.77,284.54,755500
369,2021-04-19,287.97,281.39,288.42,284.4,898441
370,2021-04-16,289.46,286.23,289.76,287.48,1013546
371,2021-04-15,284.4,283.51,287.8,287.15,778200
372,2021-04-14,284.74,281.73,285.35,282.88,631742
373,2021-04-13,282.51,281.45,287.08,285.11,893679
374,2021-04-12,283.36,282.41,285.25,282.88,682009
375,2021-04-09,282.99,280.76,284.84,284.36,953200
376,2021-04-08,284.8,282.89,286.02,283.11,707000
377,2021-04-07,286.44,281.42,287.61,282.49,853648
378,2021-04-06,289.29,286.16,290.96,288.02,744118
379,2021-10-04,256.94,253.48,258.74,255.99,1007040
380,2021-10-01,257.77,253.91,259.3,257.43,877000
381,2021-09-30,260.22,256.06,260.86,256.11,762400
382,2021-09-29,261.9,260.14,263.07,260.22,917100
383,2021-09-28,261.62,259.77,264.09,262.31,1195537
384,2021-09-27,269.0,261.65,269.0,261.91,1219600
385,2021-09-24,259.44,258.66,261.71,259.56,739021
386,2021-09-23,259.48,259.09,261.26,260.41,879200
387,2021-09-22,258.64,257.58,260.21,257.94,631235
388,2021-09-21,259.7,257.23,260.28,257.39,718342
389,2021-09-20,258.0,253.91,259.75,258.18,1113252
390,2021-09-17,263.49,259.62,264.44,261.83,1702700
391,2021-09-16,268.27,265.89,269.0,266.42,1138709
392,2021-09-15,269.3,267.8,270.78,269.5,1166408
393,2021-09-14,270.64,267.87,270.98,268.86,775620
394,2021-09-13,270.36,267.28,272.03,269.5,1258924
395,2021-09-10,267.67,266.8,269.44,268.0,1000393
396,2021-09-09,267.36,266.62,269.47,267.12,752700
397,2021-09-08,267.5,266.1,268.64,267.73,864329
398,2021-09-07,267.85,266.11,268.55,267.1,666400
399,2021-09-03,269.93,267.88,270.59,268.28,821425
400,2021-09-02,269.95,268.53,271.34,270.0,453038
401,2021-09-01,269.51,267.5,270.59,269.34,543400
402,2021-08-31,269.8,269.07,271.98,269.51,876900
403,2021-08-30,269.06,268.64,271.18,270.2,563001
404,2021-08-27,269.46,268.32,269.99,268.5,551437
405,2021-08-26,269.38,267.6,271.95,268.42,774500
406,2021-08-25,268.97,267.5,269.67,269.17,1305200
407,2021-08-24,272.42,269.42,273.42,270.52,954500
408,2021-08-23,268.07,267.1,271.0,270.49,1643150
409,2021-08-20,270.73,265.05,271.29,267.44,1624153
410,2021-08-19,270.27,269.19,272.83,271.39,1131049
411,2021-08-18,280.6,271.18,281.75,272.15,1184100
412,2021-08-17,280.78,277.71,281.63,281.41,933841
413,2021-08-16,280.0,279.0,282.73,281.55,1334400
414,2021-08-13,277.35,276.57,279.78,279.74,604893
415,2021-08-12,279.7,276.27,280.36,277.61,862600
416,2021-08-11,278.08,274.35,279.69,278.73,978639
417,2021-08-10,274.59,274.59,278.7,277.87,1301108
418,2021-08-09,290.32,270.77,291.5,275.75,2273435
419,2021-08-06,290.3,288.68,293.11,290.82,809528
420,2021-08-05,289.6,288.3,292.07,288.72,1039148
421,2021-08-04,287.73,287.55,290.78,287.67,595800
422,2021-08-03,289.58,288.0,291.21,290.65,520517
423,2021-08-02,292.37,288.32,293.66,288.73,550500
424,2021-07-30,289.55,289.55,292.65,291.03,570630
425,2021-07-29,289.84,288.1,290.84,289.67,422523
426,2021-07-28,288.61,286.67,289.46,287.83,654426
427,2021-07-27,287.71,285.06,291.45,288.9,680204
428,2021-07-26,290.83,287.72,291.49,289.12,524930
429,2021-07-23,290.0,286.92,290.53,290.29,635100
430,2021-07-22,287.95,286.76,289.8,288.46,896900
431,2021-07-21,286.77,285.82,287.96,286.72,721800
432,2021-07-20,283.02,282.2,289.86,285.95,1065600
433,2021-07-19,282.6,279.0,283.69,282.1,1102700
434,2021-07-16,288.78,284.16,289.35,285.54,1496222
435,2021-07-15,286.65,286.65,290.24,288.1,733708
436,2021-07-14,288.8,287.76,291.27,288.14,597750
437,2021-07-13,290.67,287.99,291.7,288.86,580300
438,2021-07-12,291.64,290.99,293.45,291.05,1041300
439,2021-07-09,289.07,289.07,291.82,291.67,734302
440,2021-07-08,286.89,284.0,289.09,287.36,807300
441,2021-07-07,287.2,287.2,291.11,290.79,639700
442,2021-07-06,291.75,285.2,291.79,286.72,1034809
443,2022-01-03,304.52,295.72,305.0,295.81,1130103
444,2021-12-31,301.97,301.97,305.69,304.26,586631
445,2021-12-30,306.0,302.01,306.49,303.89,433302
446,2021-12-29,305.98,304.04,306.16,305.4,499700
447,2021-12-28,303.15,301.81,304.35,303.99,354551
448,2021-12-27,301.42,298.78,302.36,302.22,413629
449,2021-12-23,297.4,297.4,300.57,299.48,344736
450,2021-12-22,295.05,294.2,297.26,297.16,430345
451,2021-12-21,297.1,293.85,298.71,295.75,636634
452,2021-12-20,294.79,290.89,295.21,295.01,779404
453,2021-12-17,302.77,298.01,302.77,298.33,1768400
454,2021-12-16,305.0,302.17,307.01,303.15,636853
455,2021-12-15,299.08,298.12,307.43,305.08,1461192
456,2021-12-14,297.93,295.92,299.46,298.2,808507
457,2021-12-13,294.84,294.09,299.49,297.56,1008522
458,2021-12-10,295.91,292.84,295.91,295.35,695793
459,2021-12-09,290.34,290.34,294.01,293.18,1239543
460,2021-12-08,297.0,292.32,297.22,295.67,1098927
461,2021-12-07,294.04,293.48,297.76,295.93,859100
462,2021-12-06,292.09,290.84,294.63,292.89,962534
463,2021-12-03,287.88,285.82,290.7,288.62,1199100
464,2021-12-02,285.84,285.83,289.84,287.43,1350900
465,2021-12-01,292.1,284.79,294.29,284.94,1184077
466,2021-11-30,289.53,286.12,291.02,287.44,2396116
467,2021-11-29,295.02,291.2,295.73,291.35,853509
468,2021-11-26,293.57,290.69,294.41,293.64,619600
469,2021-11-24,298.33,297.41,300.17,297.84,603307
470,2021-11-23,298.54,297.9,302.42,299.0,1072538
471,2021-11-22,299.46,297.1,300.14,297.52,1099500
472,2021-11-19,296.24,294.48,299.55,297.74,1091200
473,2021-11-18,300.72,295.99,300.72,296.24,846304
474,2021-11-17,301.5,297.37,302.08,299.49,1404300
475,2021-11-16,304.73,301.33,304.78,301.5,1610603
476,2021-11-15,308.5,303.06,308.63,303.8,1510000
477,2021-11-12,310.87,309.22,310.87,310.0,1234200
478,2021-11-11,314.59,310.39,316.39,310.52,1297223
479,2021-11-10,313.28,312.81,314.86,314.27,988704
480,2021-11-09,312.81,311.48,315.02,313.84,1174000
481,2021-11-08,309.78,307.5,313.83,312.6,1634219
482,2021-11-05,302.75,302.08,309.73,309.31,1646736
483,2021-11-04,294.29,292.02,301.57,301.21,1121000
484,2021-11-03,298.62,298.16,303.21,302.13,1270349
485,2021-11-02,298.49,296.94,299.69,298.08,932450
486,2021-11-01,299.61,297.8,300.94,297.99,653000
487,2021-10-29,300.02,298.05,301.3,299.81,924791
488,2021-10-28,295.28,295.28,301.46,301.44,1256908
489,2021-10-27,294.31,293.32,296.0,294.85,748500
490,2021-10-26,294.5,293.72,295.99,294.38,460100
491,2021-10-25,292.78,291.36,295.53,293.92,633319
492,2021-10-22,294.3,290.85,296.22,291.23,898513
493,2021-10-21,293.44,291.73,294.0,293.89,620063
494,2021-10-20,295.05,292.07,295.82,293.7,751100
495,2021-10-19,293.0,291.73,295.46,294.49,896829
496,2021-10-18,291.96,290.35,294.0,292.54,977275
497,2021-10-15,289.43,288.1,294.83,292.7,1637300
498,2021-10-14,281.56,281.56,288.68,287.97,1575151
499,2021-10-13,275.06,274.88,279.59,278.42,1285100
500,2021-10-12,268.73,268.64,273.56,272.4,1266542
501,2021-10-11,267.71,266.62,272.17,268.73,1070232
502,2021-10-08,264.98,263.79,266.37,265.43,1162300
503,2021-10-07,262.37,262.04,266.53,263.35,1359600
504,2021-10-06,255.0,251.97,261.01,260.75,1310234
505,2021-10-05,256.11,254.48,258.55,257.02,970916
506,2022-04-04,249.98,247.05,253.11,252.65,1224104
507,2022-04-01,251.06,247.62,253.25,248.99,1473347
508,2022-03-31,250.74,249.04,252.57,249.91,1179130
509,2022-03-30,251.21,250.62,253.54,253.16,1234130
510,2022-03-29,251.12,248.36,253.27,252.34,1750712
511,2022-03-28,246.6,245.64,249.97,248.31,1565200
512,2022-03-25,242.65,242.65,247.41,246.56,1782027
513,2022-03-24,236.88,235.81,242.44,242.41,1296711
514,2022-03-23,235.6,234.42,239.45,235.24,1393522
515,2022-03-22,235.45,235.08,237.5,236.54,1192622
516,2022-03-21,237.0,232.57,239.11,234.2,1642244
517,2022-03-18,228.77,226.8,232.46,231.67,3187600
518,2022-03-17,224.4,223.33,228.59,228.55,1431822
519,2022-03-16,226.37,220.26,228.5,224.6,1498215
520,2022-03-15,220.03,216.44,222.81,222.63,2133518
521,2022-03-14,220.17,216.41,222.37,218.27,2595449
522,2022-03-11,229.94,219.29,230.87,219.38,1488900
523,2022-03-10,223.47,222.54,227.95,227.6,1538830
524,2022-03-09,225.26,224.45,229.72,227.0,1433819
525,2022-03-08,221.51,216.24,225.11,218.77,1867479
526,2022-03-07,229.28,221.0,229.67,221.5,1796152
527,2022-03-04,229.5,225.14,231.87,228.43,1426913
528,2022-03-03,235.61,230.5,235.76,231.86,1743713
529,2022-03-02,232.26,229.78,234.55,233.33,2961715
530,2022-03-01,235.95,229.24,236.89,230.53,2109200
531,2022-02-28,237.32,233.92,239.01,236.3,1762500
532,2022-02-25,236.42,236.24,241.39,240.38,1241200
533,2022-02-24,229.0,228.44,235.99,235.13,1634500
534,2022-02-23,239.43,234.42,240.0,234.67,955602
535,2022-02-22,241.94,235.97,241.94,238.11,1191100
536,2022-02-18,239.84,239.5,244.38,241.97,2170744
537,2022-02-17,243.49,239.71,245.0,240.61,1005165
538,2022-02-16,246.97,243.52,248.31,245.34,1470600
539,2022-02-15,245.83,245.41,248.92,247.83,1317400
540,2022-02-14,245.06,240.38,245.91,243.49,1730500
541,2022-02-11,251.01,243.8,251.66,244.39,1691625
542,2022-02-10,258.03,251.15,260.98,252.38,1739141
543,2022-02-09,256.16,255.2,260.05,259.36,1482820
544,2022-02-08,252.0,251.25,256.02,252.81,2899200
545,2022-02-07,257.67,254.18,260.83,254.38,2333700
546,2022-02-04,268.38,260.67,269.0,263.08,2883456
547,2022-02-03,282.22,279.91,284.45,280.88,1089500
548,2022-02-02,284.43,283.25,286.52,284.35,930012
549,2022-02-01,283.0,281.21,285.04,284.63,990875
550,2022-01-31,276.68,276.21,282.49,282.12,1234304
551,2022-01-28,274.97,272.06,277.65,277.63,1025235
552,2022-01-27,278.47,272.6,280.71,275.85,1062114
553,2022-01-26,281.3,273.87,282.09,276.41,1171100
554,2022-01-25,278.74,274.63,281.2,279.43,788100
555,2022-01-24,279.14,274.04,284.0,282.81,1351817
556,2022-01-21,287.17,281.96,287.32,282.47,1503917
557,2022-01-20,285.56,285.56,290.77,286.98,1073700
558,2022-01-19,287.32,285.3,289.99,285.57,814500
559,2022-01-18,288.92,284.24,288.92,286.6,1086600
560,2022-01-14,292.19,289.2,292.77,291.35,1478500
561,2022-01-13,299.12,293.92,300.18,294.29,788400
562,2022-01-12,298.54,296.14,300.09,299.75,959700
563,2022-01-11,295.58,294.21,297.6,297.54,542181
564,2022-01-10,295.31,293.31,296.52,295.1,1019100
565,2022-01-07,298.74,294.15,298.74,297.41,945050
566,2022-01-06,304.21,297.5,304.24,298.02,808541
567,2022-01-05,302.18,302.09,309.29,304.24,926153
568,2022-01-04,300.0,298.31,300.71,299.42,1667419
569,2022-07-01,238.94,237.66,242.79,242.75,1021313
570,2022-06-30,237.65,233.82,242.01,240.48,1199400
571,2022-06-29,242.13,240.11,244.07,243.13,794400
572,2022-06-28,245.89,241.92,248.5,242.51,778750
573,2022-06-27,251.42,245.68,252.7,246.18,916300
574,2022-06-24,244.88,243.95,252.6,252.08,1529400
575,2022-06-23,240.47,238.51,242.78,242.06,1177300
576,2022-06-22,236.38,235.24,241.87,241.0,953400
577,2022-06-21,238.4,237.52,241.37,241.01,1147426
578,2022-06-17,236.07,230.51,237.97,235.97,2127000
579,2022-06-16,234.61,231.61,236.67,235.1,1014638
580,2022-06-15,241.52,236.11,244.41,239.29,1085823
581,2022-06-14,242.0,237.54,243.7,239.22,1098020
582,2022-06-13,244.18,239.89,244.86,242.69,1615408
583,2022-06-10,249.08,246.62,251.98,248.2,1584034
584,2022-06-09,250.0,249.66,257.17,253.62,1444612
585,2022-06-08,258.59,252.24,262.07,252.38,1647316
586,2022-06-07,256.43,254.82,261.12,260.79,1377605
587,2022-06-06,255.0,254.31,259.0,257.45,1149200
588,2022-06-03,250.06,250.06,254.31,252.27,935703
589,2022-06-02,246.25,246.05,253.05,252.85,941700
590,2022-06-01,247.43,241.37,248.23,243.51,911900
591,2022-05-31,247.66,245.67,250.05,246.16,1407124
592,2022-05-27,245.95,244.49,250.65,250.65,957249
593,2022-05-26,236.67,236.67,243.41,242.49,866134
594,2022-05-25,239.19,233.96,239.53,236.42,884400
595,2022-05-24,238.86,233.45,239.02,236.82,729916
596,2022-05-23,240.22,235.19,241.01,237.95,747600
597,2022-05-20,237.36,231.13,237.74,237.59,1032800
598,2022-05-19,232.74,231.69,236.81,234.22,725200
599,2022-05-18,237.06,233.38,237.5,234.47,874348
600,2022-05-17,238.24,233.64,239.94,239.58,893500
601,2022-05-16,232.93,229.38,234.64,232.92,880900
602,2022-05-13,232.9,231.07,234.99,233.71,661808
603,2022-05-12,228.29,227.38,234.64,231.41,1391520
604,2022-05-11,229.91,228.4,235.91,232.89,1276000
605,2022-05-10,234.71,225.28,236.82,230.68,1504482
606,2022-05-09,231.87,231.04,236.53,233.22,1272718
607,2022-05-06,235.86,230.19,237.47,235.82,1293834
608,2022-05-05,247.56,233.77,254.0,235.98,1446911
609,2022-05-04,238.15,238.15,247.49,247.49,1142768
610,2022-05-03,235.4,235.18,240.35,239.1,1028500
611,2022-05-02,235.61,230.92,238.15,235.4,972400
612,2022-04-29,240.3,233.27,241.58,234.07,1888043
613,2022-04-28,239.83,234.83,242.07,240.48,1516420
614,2022-04-27,236.42,236.42,241.43,238.25,1080700
615,2022-04-26,242.37,235.22,244.22,235.63,988513
616,2022-04-25,242.22,237.72,244.34,242.76,1202647
617,2022-04-22,249.93,242.53,250.0,242.92,1203800
618,2022-04-21,251.33,249.99,254.39,251.14,1267047
619,2022-04-20,250.03,246.29,251.78,248.74,1414100
620,2022-04-19,246.15,245.4,250.54,249.57,1157400
621,2022-04-18,245.68,242.43,246.84,246.0,1583400
622,2022-04-14,250.18,246.52,251.76,246.84,1208246
623,2022-04-13,248.2,246.19,250.0,249.92,729300
624,2022-04-12,250.64,247.36,253.14,247.78,1417700
625,2022-04-11,251.2,249.57,252.24,249.83,1000608
626,2022-04-08,252.0,250.78,254.29,251.2,905800
627,2022-04-07,249.63,248.46,252.07,251.37,1062700
628,2022-04-06,250.0,246.76,251.43,250.1,1100045
629,2022-04-05,251.64,251.1,253.73,251.68,1132717
630,2022-09-30,231.39,230.5,235.72,232.73,1520610
631,2022-09-29,232.81,229.22,233.9,231.76,1114316
632,2022-09-28,232.31,230.93,236.49,234.97,948500
633,2022-09-27,234.28,228.36,235.87,230.76,1088500
634,2022-09-26,235.29,230.54,236.43,231.5,1171700
635,2022-09-23,235.79,233.41,237.31,237.07,1135017
636,2022-09-22,241.93,238.43,242.4,238.52,877638
637,2022-09-21,246.48,241.4,248.03,241.46,573329
638,2022-09-20,246.43,243.34,247.0,244.89,605908
639,2022-09-19,244.8,244.77,249.65,249.38,714938
640,2022-09-16,248.09,244.09,248.2,247.36,1497688
641,2022-09-15,254.84,248.18,255.04,248.47,706828
642,2022-09-14,255.53,252.63,256.15,255.18,690100
643,2022-09-13,258.0,255.55,260.39,256.08,831353
644,2022-09-12,259.01,258.14,264.01,263.5,877028
645,2022-09-09,255.38,254.39,257.35,256.97,704800
646,2022-09-08,251.15,250.06,254.24,253.83,549500
647,2022-09-07,246.44,246.17,254.05,253.78,1037002
648,2022-09-06,248.06,244.69,248.28,246.17,1179252
649,2022-09-02,253.58,245.83,253.96,246.53,1311726
650,2022-09-01,250.51,248.5,251.39,250.0,918139
651,2022-08-31,257.47,252.35,257.65,252.45,1164961
652,2022-08-30,262.3,255.55,262.3,255.85,864500
653,2022-08-29,259.99,259.34,263.01,260.7,635719
654,2022-08-26,267.3,262.11,267.98,262.23,1064100
655,2022-08-25,263.93,262.16,266.68,266.59,619622
656,2022-08-24,261.79,260.83,263.84,262.72,568300
657,2022-08-23,259.46,259.36,262.37,261.32,810300
658,2022-08-22,260.31,259.28,261.76,260.91,674000
659,2022-08-19,267.0,262.39,267.6,263.7,932838
660,2022-08-18,268.86,266.95,268.96,267.6,727000
661,2022-08-17,270.38,266.82,272.18,268.0,1169979
662,2022-08-16,272.2,271.71,274.63,273.54,879100
663,2022-08-15,270.88,270.16,274.89,274.11,1115358
664,2022-08-12,266.86,265.55,271.7,270.88,893935
665,2022-08-11,267.2,264.16,268.29,264.81,829400
666,2022-08-10,265.87,265.02,268.19,265.63,838600
667,2022-08-09,261.76,258.35,261.86,258.76,826300
668,2022-08-08,264.0,261.6,266.45,261.77,1158165
669,2022-08-05,256.72,256.16,262.94,262.64,1406400
670,2022-08-04,248.1,248.1,260.17,257.73,1785807
671,2022-08-03,245.35,242.52,246.28,245.71,1401100
672,2022-08-02,245.74,240.42,246.92,244.12,1026900
673,2022-08-01,247.0,244.6,247.84,247.25,1075504
674,2022-07-29,245.86,245.85,249.69,248.23,1034354
675,2022-07-28,239.41,238.74,244.34,244.23,792900
676,2022-07-27,234.63,232.48,238.84,237.89,782618
677,2022-07-26,233.79,233.06,235.43,234.63,652122
678,2022-07-25,235.39,233.7,235.59,235.21,581100
679,2022-07-22,235.7,233.79,236.02,234.56,540300
680,2022-07-21,232.2,231.19,234.74,234.59,853556
681,2022-07-20,229.71,228.78,232.18,231.63,914908
682,2022-07-19,226.07,224.96,230.02,230.0,1255500
683,2022-07-18,226.75,222.79,228.38,223.56,1074828
684,2022-07-15,225.66,223.85,226.44,225.2,1444860
685,2022-07-14,225.0,218.88,225.34,221.98,2059600
686,2022-07-13,228.33,226.41,230.23,227.99,891725
687,2022-07-12,234.68,229.85,235.17,231.93,2143421
688,2022-07-11,231.33,230.24,235.36,234.09,801410
689,2022-07-08,234.9,231.39,235.75,232.21,1049544
690,2022-07-07,237.61,234.08,239.82,235.82,1016631
691,2022-07-06,240.26,234.33,240.26,237.22,1396138
692,2022-07-05,238.0,236.33,239.98,239.97,1232700
693,2022-12-30,308.39,304.68,309.49,308.26,534786
694,2022-12-29,311.0,310.2,312.64,311.41,564619
695,2022-12-28,312.5,309.28,313.76,309.64,439852
696,2022-12-27,313.27,311.52,314.2,312.2,1438026
697,2022-12-23,311.9,309.86,312.6,312.04,544200
698,2022-12-22,312.42,307.64,312.76,312.6,953520
699,2022-12-21,314.49,313.5,317.15,314.49,860647
700,2022-12-20,314.33,310.82,314.89,312.54,779100
701,2022-12-19,314.71,311.86,317.04,313.72,835335
702,2022-12-16,316.27,311.75,317.61,316.42,2425816
703,2022-12-15,319.51,314.27,320.4,316.24,1014819
704,2022-12-14,324.66,321.87,327.93,325.12,1191747
705,2022-12-13,327.83,321.81,328.56,325.25,1075459
706,2022-12-12,313.06,313.06,320.18,319.51,1163007
707,2022-12-09,319.74,313.58,320.45,314.41,1150000
708,2022-12-08,316.84,316.7,320.96,319.86,1059148
709,2022-12-07,312.56,312.0,315.77,315.58,1130758
710,2022-12-06,313.76,309.87,315.28,312.1,1295748
711,2022-12-05,315.74,313.36,318.0,314.97,1192312
712,2022-12-02,310.63,310.0,320.62,318.44,1314200
713,2022-12-01,310.35,308.76,313.05,312.04,995383
714,2022-11-30,300.98,298.78,310.39,310.16,1901100
715,2022-11-29,304.83,300.97,306.18,302.18,954600
716,2022-11-28,307.72,303.33,309.38,304.46,932100
717,2022-11-25,308.72,307.71,311.13,309.91,299700
718,2022-11-23,309.0,305.89,310.38,308.15,1150800
719,2022-11-22,298.0,297.17,309.57,309.16,1412700
720,2022-11-21,294.57,294.18,297.56,296.41,735300
721,2022-11-18,296.0,293.56,296.98,296.48,1328210
722,2022-11-17,291.38,290.14,293.44,293.3,721400
723,2022-11-16,294.54,293.3,297.08,295.12,807454
724,2022-11-15,296.41,291.56,297.91,294.54,942200
725,2022-11-14,288.0,288.0,297.77,294.89,1738742
726,2022-11-11,290.67,287.83,292.46,288.46,1107500
727,2022-11-10,289.73,285.57,289.85,289.59,1063866
728,2022-11-09,282.89,279.81,285.43,280.13,1100966
729,2022-11-08,278.96,277.77,284.78,283.0,1406258
730,2022-11-07,277.82,275.83,280.07,277.63,1367800
731,2022-11-04,269.25,266.82,276.47,276.06,2038020
732,2022-11-03,248.74,247.13,266.24,264.02,2524600
733,2022-11-02,252.84,244.82,254.8,245.17,1471538
734,2022-11-01,252.94,249.97,254.78,252.12,872647
735,2022-10-31,252.49,249.09,254.0,250.4,1342224
736,2022-10-28,249.06,248.11,255.41,254.44,921000
737,2022-10-27,251.94,248.63,252.7,249.06,987100
738,2022-10-26,252.75,251.46,254.84,252.02,1242221
739,2022-10-25,245.07,243.42,251.56,251.56,1351079
740,2022-10-24,243.39,241.88,245.91,243.92,1758000
741,2022-10-21,238.18,235.7,242.28,241.29,1157200
742,2022-10-20,241.67,237.93,243.5,238.32,716203
743,2022-10-19,241.67,239.95,244.21,241.45,710200
744,2022-10-18,244.77,240.51,245.22,242.37,823000
745,2022-10-17,237.22,236.25,239.43,237.36,728507
746,2022-10-14,239.35,232.16,240.83,232.53,711213
747,2022-10-13,225.95,224.75,239.06,237.99,898900
748,2022-10-12,231.93,229.17,233.98,229.32,893904
749,2022-10-11,231.91,229.78,233.64,231.21,618100
750,2022-10-10,233.19,231.22,234.6,232.44,748709
751,2022-10-07,235.9,230.01,236.95,231.75,1046900
752,2022-10-06,241.17,237.89,242.76,238.59,965427
753,2022-10-05,245.66,242.67,246.34,242.8,1097800
754,2022-10-04,241.44,240.79,248.81,247.96,1334511
755,2022-10-03,234.91,233.29,240.22,238.33,1027500
